<sources>
    <programs>
        <default pathversion="1"></default>
    </programs>
    <video>
        <default pathversion="1"></default>
        <source>
            <name>Video Playlists</name>
            <path pathversion="1">special://videoplaylists/</path>
            <allowsharing>true</allowsharing>
        </source>
        <source>
            <name>Movies</name>
            <path pathversion="1">/Users/arjunrajsambandam/Movies/</path>
            <allowsharing>true</allowsharing>
        </source>
    </video>
    <music>
        <default pathversion="1"></default>
        <source>
            <name>Music</name>
            <path pathversion="1">/Users/arjunrajsambandam/Music/</path>
            <allowsharing>true</allowsharing>
        </source>
        <source>
            <name>Music Playlists</name>
            <path pathversion="1">special://musicplaylists/</path>
            <allowsharing>true</allowsharing>
        </source>
    </music>
    <pictures>
        <default pathversion="1"></default>
        <source>
            <name>Pictures</name>
            <path pathversion="1">/Users/arjunrajsambandam/Pictures/</path>
            <allowsharing>true</allowsharing>
        </source>
    </pictures>
    <files>
        <default pathversion="1"></default>
        <source>
            <name>umbrella</name>
            <path pathversion="1">https://umbrellaplug.github.io/</path>
            <allowsharing>true</allowsharing>
        </source>
        <source>
            <name>koko</name>
            <path pathversion="1">https://geekeydevil-boop.github.io/kokobuilds.github.io/</path>
            <allowsharing>true</allowsharing>
        </source>
    </files>
    <games>
        <default pathversion="1"></default>
    </games>
</sources>
