<?xml version="1.0" encoding="UTF-8" standalone="yes"?>
<addon id="repository.koko" name="koko's repo" version="1.0" provider-name="geekeydevil-boop">
    <extension point="xbmc.addon.repository" name="geekeydevil-boop Repository">
        <dir>
            <info compressed="false">https://raw.githubusercontent.com/geekeydevil-boop/kokobuilds.github.io/master/repo/zips/addons.xml</info>
            <checksum>https://raw.githubusercontent.com/geekeydevil-boop/kokobuilds.github.io/master/repo/zips/addons.xml.md5</checksum>
            <datadir zip="true">https://raw.githubusercontent.com/geekeydevil-boop/kokobuilds.github.io/master/repo/zips/</datadir>
        </dir>
    </extension>
    <extension point="xbmc.addon.metadata">
        <summary>koko repo</summary>
        <description>Koko's repo to kbuilds</description>
        <disclaimer></disclaimer>
        <platform>all</platform>
        <assets>
            <icon>icon.png</icon>
            <fanart>fanart.jpg</fanart>
        </assets>
    </extension>

</addon>
